<application>
  <component name="ProjectJdkTable">
    <jdk version="2">
      <name value="Python 2.7" />
      <type value="Python SDK" />
      <version value="Python 2.7.16" />
      <homePath value="$USER_HOME$/Applications/anaconda2/bin/python" />
      <roots>
        <classPath>
          <root type="composite">
            <root url="file://$USER_HOME$/Applications/anaconda2/lib/python2.7" type="simple" />
            <root url="file://$USER_HOME$/Applications/anaconda2/lib/python2.7/plat-darwin" type="simple" />
            <root url="file://$USER_HOME$/Applications/anaconda2/lib/python2.7/plat-mac" type="simple" />
            <root url="file://$USER_HOME$/Applications/anaconda2/lib/python2.7/plat-mac/lib-scriptpackages" type="simple" />
            <root url="file://$USER_HOME$/Applications/anaconda2/lib/python2.7/lib-tk" type="simple" />
            <root url="file://$USER_HOME$/Applications/anaconda2/lib/python2.7/lib-dynload" type="simple" />
            <root url="file://$USER_HOME$/Applications/anaconda2/lib/python2.7/site-packages" type="simple" />
            <root url="file://$USER_HOME$/Applications/anaconda2/lib/python2.7/site-packages/aeosa" type="simple" />
            <root url="file://$USER_HOME$/Library/Caches/PyCharmCE2019.1/python_stubs/-1563673256" type="simple" />
            <root url="file://$APPLICATION_HOME_DIR$/helpers/python-skeletons" type="simple" />
            <root url="file://$APPLICATION_HOME_DIR$/helpers/typeshed/stdlib/2" type="simple" />
            <root url="file://$APPLICATION_HOME_DIR$/helpers/typeshed/stdlib/2and3" type="simple" />
            <root url="file://$APPLICATION_HOME_DIR$/helpers/typeshed/third_party/2" type="simple" />
            <root url="file://$APPLICATION_HOME_DIR$/helpers/typeshed/third_party/2and3" type="simple" />
          </root>
        </classPath>
        <sourcePath>
          <root type="composite" />
        </sourcePath>
      </roots>
      <additional />
    </jdk>
    <jdk version="2">
      <name value="Python 2.7 (slm)" />
      <type value="Python SDK" />
      <version value="Python 2.7.10" />
      <homePath value="$USER_HOME$/PycharmProjects/slm/venv/bin/python" />
      <roots>
        <classPath>
          <root type="composite">
            <root url="file://$USER_HOME$/PycharmProjects/slm/venv/lib/python2.7" type="simple" />
            <root url="file://$USER_HOME$/PycharmProjects/slm/venv/lib/python2.7/lib-dynload" type="simple" />
            <root url="file:///System/Library/Frameworks/Python.framework/Versions/2.7/lib/python2.7" type="simple" />
            <root url="file:///System/Library/Frameworks/Python.framework/Versions/2.7/lib/python2.7/plat-darwin" type="simple" />
            <root url="file:///System/Library/Frameworks/Python.framework/Versions/2.7/lib/python2.7/lib-tk" type="simple" />
            <root url="file:///System/Library/Frameworks/Python.framework/Versions/2.7/lib/python2.7/plat-mac" type="simple" />
            <root url="file:///System/Library/Frameworks/Python.framework/Versions/2.7/lib/python2.7/plat-mac/lib-scriptpackages" type="simple" />
            <root url="file://$USER_HOME$/PycharmProjects/slm/venv/lib/python2.7/site-packages" type="simple" />
            <root url="file://$USER_HOME$/Library/Caches/PyCharmCE2019.1/python_stubs/-204265158" type="simple" />
            <root url="file://$APPLICATION_HOME_DIR$/helpers/python-skeletons" type="simple" />
            <root url="file://$APPLICATION_HOME_DIR$/helpers/typeshed/stdlib/2" type="simple" />
            <root url="file://$APPLICATION_HOME_DIR$/helpers/typeshed/stdlib/2and3" type="simple" />
            <root url="file://$APPLICATION_HOME_DIR$/helpers/typeshed/third_party/2" type="simple" />
            <root url="file://$APPLICATION_HOME_DIR$/helpers/typeshed/third_party/2and3" type="simple" />
          </root>
        </classPath>
        <sourcePath>
          <root type="composite" />
        </sourcePath>
      </roots>
      <additional ASSOCIATED_PROJECT_PATH="$USER_HOME$/PycharmProjects/slm" />
    </jdk>
    <jdk version="2">
      <name value="Python 3.7 (slm)" />
      <type value="Python SDK" />
      <version value="Python 3.7.0" />
      <homePath value="$USER_HOME$/Applications/anaconda3/bin/python" />
      <roots>
        <classPath>
          <root type="composite">
            <root url="file://$USER_HOME$/Applications/anaconda3/lib/python3.7" type="simple" />
            <root url="file://$USER_HOME$/Applications/anaconda3/lib/python3.7/lib-dynload" type="simple" />
            <root url="file://$USER_HOME$/.local/lib/python3.7/site-packages" type="simple" />
            <root url="file://$USER_HOME$/Applications/anaconda3/lib/python3.7/site-packages" type="simple" />
            <root url="file://$USER_HOME$/Applications/anaconda3/lib/python3.7/site-packages/aeosa" type="simple" />
            <root url="file://$USER_HOME$/Library/Caches/PyCharmCE2019.1/python_stubs/-1434590537" type="simple" />
            <root url="file://$APPLICATION_HOME_DIR$/helpers/python-skeletons" type="simple" />
            <root url="file://$APPLICATION_HOME_DIR$/helpers/typeshed/stdlib/3" type="simple" />
            <root url="file://$APPLICATION_HOME_DIR$/helpers/typeshed/stdlib/2and3" type="simple" />
            <root url="file://$APPLICATION_HOME_DIR$/helpers/typeshed/third_party/3" type="simple" />
            <root url="file://$APPLICATION_HOME_DIR$/helpers/typeshed/third_party/2and3" type="simple" />
          </root>
        </classPath>
        <sourcePath>
          <root type="composite" />
        </sourcePath>
      </roots>
      <additional ASSOCIATED_PROJECT_PATH="$USER_HOME$/PycharmProjects/slm" />
    </jdk>
  </component>
</application>